estado;data;obitos
Acre;2015/01/01;249
Alagoas;2015/01/01;897
Amapá;2015/01/01;232
Amazonas;2015/01/01;420
Bahia;2015/01/01;4455
Ceará;2015/01/01;604
Distrito Federal;2015/01/01;1280
Espírito Santo;2015/01/01;2007
Goiás;2015/01/01;2206
Maranhão;2015/01/01;250
Mato Grosso;2015/01/01;1306
Mato Grosso do Sul;2015/01/01;656
Minas Gerais;2015/01/01;9953
Paraná;2015/01/01;5939
Paraíba;2015/01/01;1542
Pará;2015/01/01;329
Pernambuco;2015/01/01;5039
Piauí;2015/01/01;219
Rio Grande do Norte;2015/01/01;401
Rio Grande do Sul;2015/01/01;5237
Rio de Janeiro;2015/01/01;4726
Rondônia;2015/01/01;542
Roraima;2015/01/01;89
Santa Catarina;2015/01/01;2619
Sergipe;2015/01/01;911
São Paulo;2015/01/01;26242
Tocantins;2015/01/01;286
Acre;2015/02/01;209
Alagoas;2015/02/01;416
Amapá;2015/02/01;159
Amazonas;2015/02/01;417
Bahia;2015/02/01;3673
Ceará;2015/02/01;585
Distrito Federal;2015/02/01;1089
Espírito Santo;2015/02/01;1801
Goiás;2015/02/01;1787
Maranhão;2015/02/01;246
Mato Grosso;2015/02/01;1190
Mato Grosso do Sul;2015/02/01;537
Minas Gerais;2015/02/01;8077
Paraná;2015/02/01;5190
Paraíba;2015/02/01;1452
Pará;2015/02/01;301
Pernambuco;2015/02/01;4470
Piauí;2015/02/01;149
Rio Grande do Norte;2015/02/01;303
Rio Grande do Sul;2015/02/01;5064
Rio de Janeiro;2015/02/01;3342
Rondônia;2015/02/01;430
Roraima;2015/02/01;61
Santa Catarina;2015/02/01;2267
Sergipe;2015/02/01;818
São Paulo;2015/02/01;20398
Tocantins;2015/02/01;220
Acre;2015/03/01;255
Alagoas;2015/03/01;491
Amapá;2015/03/01;164
Amazonas;2015/03/01;183
Bahia;2015/03/01;4211
Ceará;2015/03/01;717
Distrito Federal;2015/03/01;1264
Espírito Santo;2015/03/01;1944
Goiás;2015/03/01;2053
Maranhão;2015/03/01;248
Mato Grosso;2015/03/01;1238
Mato Grosso do Sul;2015/03/01;605
Minas Gerais;2015/03/01;9599
Paraná;2015/03/01;5819
Paraíba;2015/03/01;1373
Pará;2015/03/01;348
Pernambuco;2015/03/01;4823
Piauí;2015/03/01;168
Rio Grande do Norte;2015/03/01;564
Rio Grande do Sul;2015/03/01;5348
Rio de Janeiro;2015/03/01;3618
Rondônia;2015/03/01;434
Roraima;2015/03/01;67
Santa Catarina;2015/03/01;2542
Sergipe;2015/03/01;963
São Paulo;2015/03/01;23381
Tocantins;2015/03/01;314
Acre;2015/04/01;216
Alagoas;2015/04/01;573
Amapá;2015/04/01;208
Amazonas;2015/04/01;155
Bahia;2015/04/01;3773
Ceará;2015/04/01;803
Distrito Federal;2015/04/01;1279
Espírito Santo;2015/04/01;1767
Goiás;2015/04/01;2286
Maranhão;2015/04/01;268
Mato Grosso;2015/04/01;1367
Mato Grosso do Sul;2015/04/01;648
Minas Gerais;2015/04/01;9524
Paraná;2015/04/01;5772
Paraíba;2015/04/01;1478
Pará;2015/04/01;295
Pernambuco;2015/04/01;4750
Piauí;2015/04/01;218
Rio Grande do Norte;2015/04/01;531
Rio Grande do Sul;2015/04/01;4989
Rio de Janeiro;2015/04/01;3944
Rondônia;2015/04/01;448
Roraima;2015/04/01;77
Santa Catarina;2015/04/01;2450
Sergipe;2015/04/01;928
São Paulo;2015/04/01;24669
Tocantins;2015/04/01;311
Acre;2015/05/01;244
Alagoas;2015/05/01;486
Amapá;2015/05/01;202
Amazonas;2015/05/01;475
Bahia;2015/05/01;4414
Ceará;2015/05/01;865
Distrito Federal;2015/05/01;1315
Espírito Santo;2015/05/01;1859
Goiás;2015/05/01;2378
Maranhão;2015/05/01;247
Mato Grosso;2015/05/01;1394
Mato Grosso do Sul;2015/05/01;685
Minas Gerais;2015/05/01;10145
Paraná;2015/05/01;5996
Paraíba;2015/05/01;1746
Pará;2015/05/01;257
Pernambuco;2015/05/01;4685
Piauí;2015/05/01;227
Rio Grande do Norte;2015/05/01;397
Rio Grande do Sul;2015/05/01;5125
Rio de Janeiro;2015/05/01;4787
Rondônia;2015/05/01;558
Roraima;2015/05/01;72
Santa Catarina;2015/05/01;2585
Sergipe;2015/05/01;908
São Paulo;2015/05/01;25117
Tocantins;2015/05/01;283
Acre;2015/06/01;220
Alagoas;2015/06/01;572
Amapá;2015/06/01;195
Amazonas;2015/06/01;149
Bahia;2015/06/01;4668
Ceará;2015/06/01;805
Distrito Federal;2015/06/01;1205
Espírito Santo;2015/06/01;1993
Goiás;2015/06/01;2263
Maranhão;2015/06/01;232
Mato Grosso;2015/06/01;1278
Mato Grosso do Sul;2015/06/01;664
Minas Gerais;2015/06/01;11263
Paraná;2015/06/01;6588
Paraíba;2015/06/01;1653
Pará;2015/06/01;269
Pernambuco;2015/06/01;4665
Piauí;2015/06/01;232
Rio Grande do Norte;2015/06/01;365
Rio Grande do Sul;2015/06/01;5833
Rio de Janeiro;2015/06/01;4139
Rondônia;2015/06/01;519
Roraima;2015/06/01;92
Santa Catarina;2015/06/01;2898
Sergipe;2015/06/01;1010
São Paulo;2015/06/01;26263
Tocantins;2015/06/01;337
Acre;2015/07/01;198
Alagoas;2015/07/01;887
Amapá;2015/07/01;228
Amazonas;2015/07/01;150
Bahia;2015/07/01;4554
Ceará;2015/07/01;681
Distrito Federal;2015/07/01;1205
Espírito Santo;2015/07/01;2091
Goiás;2015/07/01;2033
Maranhão;2015/07/01;223
Mato Grosso;2015/07/01;1467
Mato Grosso do Sul;2015/07/01;737
Minas Gerais;2015/07/01;11204
Paraná;2015/07/01;7046
Paraíba;2015/07/01;1788
Pará;2015/07/01;362
Pernambuco;2015/07/01;4829
Piauí;2015/07/01;221
Rio Grande do Norte;2015/07/01;365
Rio Grande do Sul;2015/07/01;7307
Rio de Janeiro;2015/07/01;3574
Rondônia;2015/07/01;432
Roraima;2015/07/01;70
Santa Catarina;2015/07/01;3095
Sergipe;2015/07/01;1038
São Paulo;2015/07/01;27284
Tocantins;2015/07/01;274
Acre;2015/08/01;212
Alagoas;2015/08/01;571
Amapá;2015/08/01;186
Amazonas;2015/08/01;169
Bahia;2015/08/01;3501
Ceará;2015/08/01;746
Distrito Federal;2015/08/01;1162
Espírito Santo;2015/08/01;1962
Goiás;2015/08/01;2100
Maranhão;2015/08/01;214
Mato Grosso;2015/08/01;1278
Mato Grosso do Sul;2015/08/01;715
Minas Gerais;2015/08/01;10197
Paraná;2015/08/01;6547
Paraíba;2015/08/01;1609
Pará;2015/08/01;358
Pernambuco;2015/08/01;4555
Piauí;2015/08/01;218
Rio Grande do Norte;2015/08/01;350
Rio Grande do Sul;2015/08/01;6647
Rio de Janeiro;2015/08/01;3363
Rondônia;2015/08/01;464
Roraima;2015/08/01;80
Santa Catarina;2015/08/01;2658
Sergipe;2015/08/01;906
São Paulo;2015/08/01;23446
Tocantins;2015/08/01;275
Acre;2015/09/01;216
Alagoas;2015/09/01;856
Amapá;2015/09/01;217
Amazonas;2015/09/01;184
Bahia;2015/09/01;4508
Ceará;2015/09/01;847
Distrito Federal;2015/09/01;1094
Espírito Santo;2015/09/01;1868
Goiás;2015/09/01;2107
Maranhão;2015/09/01;201
Mato Grosso;2015/09/01;1357
Mato Grosso do Sul;2015/09/01;699
Minas Gerais;2015/09/01;10422
Paraná;2015/09/01;6538
Paraíba;2015/09/01;1512
Pará;2015/09/01;384
Pernambuco;2015/09/01;4380
Piauí;2015/09/01;238
Rio Grande do Norte;2015/09/01;318
Rio Grande do Sul;2015/09/01;5323
Rio de Janeiro;2015/09/01;3668
Rondônia;2015/09/01;536
Roraima;2015/09/01;67
Santa Catarina;2015/09/01;2595
Sergipe;2015/09/01;880
São Paulo;2015/09/01;24641
Tocantins;2015/09/01;305
Acre;2015/10/01;228
Alagoas;2015/10/01;835
Amapá;2015/10/01;180
Amazonas;2015/10/01;147
Bahia;2015/10/01;4758
Ceará;2015/10/01;777
Distrito Federal;2015/10/01;1190
Espírito Santo;2015/10/01;1833
Goiás;2015/10/01;2329
Maranhão;2015/10/01;242
Mato Grosso;2015/10/01;1370
Mato Grosso do Sul;2015/10/01;586
Minas Gerais;2015/10/01;10310
Paraná;2015/10/01;5882
Paraíba;2015/10/01;1546
Pará;2015/10/01;347
Pernambuco;2015/10/01;3663
Piauí;2015/10/01;243
Rio Grande do Norte;2015/10/01;329
Rio Grande do Sul;2015/10/01;5279
Rio de Janeiro;2015/10/01;3806
Rondônia;2015/10/01;537
Roraima;2015/10/01;73
Santa Catarina;2015/10/01;2683
Sergipe;2015/10/01;861
São Paulo;2015/10/01;23326
Tocantins;2015/10/01;315
Acre;2015/11/01;168
Alagoas;2015/11/01;947
Amapá;2015/11/01;172
Amazonas;2015/11/01;133
Bahia;2015/11/01;4772
Ceará;2015/11/01;786
Distrito Federal;2015/11/01;941
Espírito Santo;2015/11/01;1819
Goiás;2015/11/01;2113
Maranhão;2015/11/01;251
Mato Grosso;2015/11/01;1324
Mato Grosso do Sul;2015/11/01;786
Minas Gerais;2015/11/01;9685
Paraná;2015/11/01;5633
Paraíba;2015/11/01;1681
Pará;2015/11/01;338
Pernambuco;2015/11/01;3167
Piauí;2015/11/01;342
Rio Grande do Norte;2015/11/01;338
Rio Grande do Sul;2015/11/01;5069
Rio de Janeiro;2015/11/01;3911
Rondônia;2015/11/01;460
Roraima;2015/11/01;69
Santa Catarina;2015/11/01;2579
Sergipe;2015/11/01;963
São Paulo;2015/11/01;21710
Tocantins;2015/11/01;296
Acre;2015/12/01;152
Alagoas;2015/12/01;964
Amapá;2015/12/01;200
Amazonas;2015/12/01;502
Bahia;2015/12/01;4232
Ceará;2015/12/01;945
Distrito Federal;2015/12/01;1003
Espírito Santo;2015/12/01;1819
Goiás;2015/12/01;2072
Maranhão;2015/12/01;273
Mato Grosso;2015/12/01;1352
Mato Grosso do Sul;2015/12/01;923
Minas Gerais;2015/12/01;10596
Paraná;2015/12/01;5891
Paraíba;2015/12/01;1671
Pará;2015/12/01;720
Pernambuco;2015/12/01;3588
Piauí;2015/12/01;240
Rio Grande do Norte;2015/12/01;547
Rio Grande do Sul;2015/12/01;5177
Rio de Janeiro;2015/12/01;4761
Rondônia;2015/12/01;582
Roraima;2015/12/01;55
Santa Catarina;2015/12/01;2295
Sergipe;2015/12/01;1046
São Paulo;2015/12/01;23256
Tocantins;2015/12/01;333
Acre;2016/01/01;178
Alagoas;2016/01/01;1017
Amapá;2016/01/01;182
Amazonas;2016/01/01;488
Bahia;2016/01/01;4875
Ceará;2016/01/01;1320
Distrito Federal;2016/01/01;1183
Espírito Santo;2016/01/01;1794
Goiás;2016/01/01;2152
Maranhão;2016/01/01;416
Mato Grosso;2016/01/01;1388
Mato Grosso do Sul;2016/01/01;1134
Minas Gerais;2016/01/01;10239
Paraná;2016/01/01;5878
Paraíba;2016/01/01;1850
Pará;2016/01/01;1147
Pernambuco;2016/01/01;4711
Piauí;2016/01/01;621
Rio Grande do Norte;2016/01/01;541
Rio Grande do Sul;2016/01/01;5511
Rio de Janeiro;2016/01/01;5267
Rondônia;2016/01/01;648
Roraima;2016/01/01;79
Santa Catarina;2016/01/01;2765
Sergipe;2016/01/01;1024
São Paulo;2016/01/01;23266
Tocantins;2016/01/01;329
Acre;2016/02/01;191
Alagoas;2016/02/01;1045
Amapá;2016/02/01;186
Amazonas;2016/02/01;169
Bahia;2016/02/01;4521
Ceará;2016/02/01;1483
Distrito Federal;2016/02/01;1137
Espírito Santo;2016/02/01;1882
Goiás;2016/02/01;2030
Maranhão;2016/02/01;400
Mato Grosso;2016/02/01;1148
Mato Grosso do Sul;2016/02/01;1217
Minas Gerais;2016/02/01;10909
Paraná;2016/02/01;5697
Paraíba;2016/02/01;1984
Pará;2016/02/01;1015
Pernambuco;2016/02/01;5394
Piauí;2016/02/01;595
Rio Grande do Norte;2016/02/01;702
Rio Grande do Sul;2016/02/01;4871
Rio de Janeiro;2016/02/01;4863
Rondônia;2016/02/01;643
Roraima;2016/02/01;114
Santa Catarina;2016/02/01;2601
Sergipe;2016/02/01;1047
São Paulo;2016/02/01;22816
Tocantins;2016/02/01;358
Acre;2016/03/01;189
Alagoas;2016/03/01;970
Amapá;2016/03/01;197
Amazonas;2016/03/01;200
Bahia;2016/03/01;5460
Ceará;2016/03/01;2581
Distrito Federal;2016/03/01;1237
Espírito Santo;2016/03/01;1986
Goiás;2016/03/01;2358
Maranhão;2016/03/01;512
Mato Grosso;2016/03/01;1175
Mato Grosso do Sul;2016/03/01;1250
Minas Gerais;2016/03/01;11291
Paraná;2016/03/01;6247
Paraíba;2016/03/01;2453
Pará;2016/03/01;1201
Pernambuco;2016/03/01;6406
Piauí;2016/03/01;553
Rio Grande do Norte;2016/03/01;919
Rio Grande do Sul;2016/03/01;4671
Rio de Janeiro;2016/03/01;5325
Rondônia;2016/03/01;672
Roraima;2016/03/01;150
Santa Catarina;2016/03/01;2800
Sergipe;2016/03/01;1202
São Paulo;2016/03/01;25371
Tocantins;2016/03/01;365
Acre;2016/04/01;264
Alagoas;2016/04/01;1238
Amapá;2016/04/01;186
Amazonas;2016/04/01;458
Bahia;2016/04/01;4744
Ceará;2016/04/01;2554
Distrito Federal;2016/04/01;1256
Espírito Santo;2016/04/01;1919
Goiás;2016/04/01;2413
Maranhão;2016/04/01;497
Mato Grosso;2016/04/01;1264
Mato Grosso do Sul;2016/04/01;1344
Minas Gerais;2016/04/01;11215
Paraná;2016/04/01;6261
Paraíba;2016/04/01;1907
Pará;2016/04/01;1189
Pernambuco;2016/04/01;4855
Piauí;2016/04/01;538
Rio Grande do Norte;2016/04/01;781
Rio Grande do Sul;2016/04/01;4825
Rio de Janeiro;2016/04/01;5437
Rondônia;2016/04/01;442
Roraima;2016/04/01;131
Santa Catarina;2016/04/01;2595
Sergipe;2016/04/01;1017
São Paulo;2016/04/01;25940
Tocantins;2016/04/01;325
Acre;2016/05/01;247
Alagoas;2016/05/01;1093
Amapá;2016/05/01;207
Amazonas;2016/05/01;144
Bahia;2016/05/01;4727
Ceará;2016/05/01;2626
Distrito Federal;2016/05/01;1205
Espírito Santo;2016/05/01;2085
Goiás;2016/05/01;2462
Maranhão;2016/05/01;460
Mato Grosso;2016/05/01;1174
Mato Grosso do Sul;2016/05/01;1398
Minas Gerais;2016/05/01;12237
Paraná;2016/05/01;6975
Paraíba;2016/05/01;2288
Pará;2016/05/01;1187
Pernambuco;2016/05/01;5179
Piauí;2016/05/01;661
Rio Grande do Norte;2016/05/01;680
Rio Grande do Sul;2016/05/01;6039
Rio de Janeiro;2016/05/01;5630
Rondônia;2016/05/01;765
Roraima;2016/05/01;134
Santa Catarina;2016/05/01;2894
Sergipe;2016/05/01;729
São Paulo;2016/05/01;25416
Tocantins;2016/05/01;388
Acre;2016/06/01;229
Alagoas;2016/06/01;1124
Amapá;2016/06/01;227
Amazonas;2016/06/01;398
Bahia;2016/06/01;4625
Ceará;2016/06/01;2673
Distrito Federal;2016/06/01;1036
Espírito Santo;2016/06/01;2001
Goiás;2016/06/01;2320
Maranhão;2016/06/01;504
Mato Grosso;2016/06/01;1063
Mato Grosso do Sul;2016/06/01;1491
Minas Gerais;2016/06/01;12204
Paraná;2016/06/01;7506
Paraíba;2016/06/01;2127
Pará;2016/06/01;1021
Pernambuco;2016/06/01;4756
Piauí;2016/06/01;543
Rio Grande do Norte;2016/06/01;774
Rio Grande do Sul;2016/06/01;7214
Rio de Janeiro;2016/06/01;5953
Rondônia;2016/06/01;614
Roraima;2016/06/01;168
Santa Catarina;2016/06/01;3213
Sergipe;2016/06/01;1023
São Paulo;2016/06/01;28945
Tocantins;2016/06/01;383
Acre;2016/07/01;239
Alagoas;2016/07/01;1213
Amapá;2016/07/01;175
Amazonas;2016/07/01;509
Bahia;2016/07/01;4687
Ceará;2016/07/01;2501
Distrito Federal;2016/07/01;1221
Espírito Santo;2016/07/01;2072
Goiás;2016/07/01;2317
Maranhão;2016/07/01;602
Mato Grosso;2016/07/01;1150
Mato Grosso do Sul;2016/07/01;1379
Minas Gerais;2016/07/01;12105
Paraná;2016/07/01;7101
Paraíba;2016/07/01;1707
Pará;2016/07/01;1042
Pernambuco;2016/07/01;4653
Piauí;2016/07/01;564
Rio Grande do Norte;2016/07/01;719
Rio Grande do Sul;2016/07/01;6853
Rio de Janeiro;2016/07/01;5793
Rondônia;2016/07/01;694
Roraima;2016/07/01;184
Santa Catarina;2016/07/01;3287
Sergipe;2016/07/01;1181
São Paulo;2016/07/01;26969
Tocantins;2016/07/01;315
Acre;2016/08/01;258
Alagoas;2016/08/01;1178
Amapá;2016/08/01;200
Amazonas;2016/08/01;246
Bahia;2016/08/01;4795
Ceará;2016/08/01;2552
Distrito Federal;2016/08/01;1202
Espírito Santo;2016/08/01;2086
Goiás;2016/08/01;2500
Maranhão;2016/08/01;561
Mato Grosso;2016/08/01;1423
Mato Grosso do Sul;2016/08/01;1334
Minas Gerais;2016/08/01;12244
Paraná;2016/08/01;7214
Paraíba;2016/08/01;1972
Pará;2016/08/01;1140
Pernambuco;2016/08/01;4642
Piauí;2016/08/01;656
Rio Grande do Norte;2016/08/01;779
Rio Grande do Sul;2016/08/01;5947
Rio de Janeiro;2016/08/01;5176
Rondônia;2016/08/01;688
Roraima;2016/08/01;187
Santa Catarina;2016/08/01;3427
Sergipe;2016/08/01;1122
São Paulo;2016/08/01;27311
Tocantins;2016/08/01;381
Acre;2016/09/01;232
Alagoas;2016/09/01;955
Amapá;2016/09/01;182
Amazonas;2016/09/01;172
Bahia;2016/09/01;4409
Ceará;2016/09/01;2424
Distrito Federal;2016/09/01;1172
Espírito Santo;2016/09/01;1866
Goiás;2016/09/01;2339
Maranhão;2016/09/01;528
Mato Grosso;2016/09/01;1342
Mato Grosso do Sul;2016/09/01;1305
Minas Gerais;2016/09/01;10879
Paraná;2016/09/01;6304
Paraíba;2016/09/01;1646
Pará;2016/09/01;557
Pernambuco;2016/09/01;4638
Piauí;2016/09/01;636
Rio Grande do Norte;2016/09/01;777
Rio Grande do Sul;2016/09/01;5292
Rio de Janeiro;2016/09/01;4582
Rondônia;2016/09/01;430
Roraima;2016/09/01;142
Santa Catarina;2016/09/01;3028
Sergipe;2016/09/01;988
São Paulo;2016/09/01;24847
Tocantins;2016/09/01;374
Acre;2016/10/01;247
Alagoas;2016/10/01;1014
Amapá;2016/10/01;138
Amazonas;2016/10/01;526
Bahia;2016/10/01;4569
Ceará;2016/10/01;2494
Distrito Federal;2016/10/01;1228
Espírito Santo;2016/10/01;1891
Goiás;2016/10/01;2350
Maranhão;2016/10/01;556
Mato Grosso;2016/10/01;1375
Mato Grosso do Sul;2016/10/01;1265
Minas Gerais;2016/10/01;10895
Paraná;2016/10/01;6258
Paraíba;2016/10/01;1801
Pará;2016/10/01;481
Pernambuco;2016/10/01;4697
Piauí;2016/10/01;720
Rio Grande do Norte;2016/10/01;661
Rio Grande do Sul;2016/10/01;5121
Rio de Janeiro;2016/10/01;4870
Rondônia;2016/10/01;407
Roraima;2016/10/01;137
Santa Catarina;2016/10/01;2974
Sergipe;2016/10/01;1129
São Paulo;2016/10/01;23888
Tocantins;2016/10/01;351
Acre;2016/11/01;200
Alagoas;2016/11/01;874
Amapá;2016/11/01;178
Amazonas;2016/11/01;430
Bahia;2016/11/01;4544
Ceará;2016/11/01;2553
Distrito Federal;2016/11/01;1070
Espírito Santo;2016/11/01;1935
Goiás;2016/11/01;2411
Maranhão;2016/11/01;591
Mato Grosso;2016/11/01;1317
Mato Grosso do Sul;2016/11/01;1200
Minas Gerais;2016/11/01;10320
Paraná;2016/11/01;5860
Paraíba;2016/11/01;1699
Pará;2016/11/01;546
Pernambuco;2016/11/01;4242
Piauí;2016/11/01;676
Rio Grande do Norte;2016/11/01;904
Rio Grande do Sul;2016/11/01;4786
Rio de Janeiro;2016/11/01;4130
Rondônia;2016/11/01;681
Roraima;2016/11/01;151
Santa Catarina;2016/11/01;2817
Sergipe;2016/11/01;1093
São Paulo;2016/11/01;23416
Tocantins;2016/11/01;335
Acre;2016/12/01;300
Alagoas;2016/12/01;940
Amapá;2016/12/01;192
Amazonas;2016/12/01;491
Bahia;2016/12/01;4730
Ceará;2016/12/01;2662
Distrito Federal;2016/12/01;1209
Espírito Santo;2016/12/01;1950
Goiás;2016/12/01;2374
Maranhão;2016/12/01;561
Mato Grosso;2016/12/01;1306
Mato Grosso do Sul;2016/12/01;1151
Minas Gerais;2016/12/01;10490
Paraná;2016/12/01;5603
Paraíba;2016/12/01;1643
Pará;2016/12/01;518
Pernambuco;2016/12/01;4616
Piauí;2016/12/01;594
Rio Grande do Norte;2016/12/01;716
Rio Grande do Sul;2016/12/01;5375
Rio de Janeiro;2016/12/01;4329
Rondônia;2016/12/01;652
Roraima;2016/12/01;139
Santa Catarina;2016/12/01;2705
Sergipe;2016/12/01;1064
São Paulo;2016/12/01;23660
Tocantins;2016/12/01;336
Acre;2017/01/01;314
Alagoas;2017/01/01;1133
Amapá;2017/01/01;207
Amazonas;2017/01/01;231
Bahia;2017/01/01;5033
Ceará;2017/01/01;2853
Distrito Federal;2017/01/01;1201
Espírito Santo;2017/01/01;2015
Goiás;2017/01/01;2685
Maranhão;2017/01/01;596
Mato Grosso;2017/01/01;1399
Mato Grosso do Sul;2017/01/01;1215
Minas Gerais;2017/01/01;11404
Paraná;2017/01/01;6030
Paraíba;2017/01/01;1931
Pará;2017/01/01;973
Pernambuco;2017/01/01;4636
Piauí;2017/01/01;424
Rio Grande do Norte;2017/01/01;864
Rio Grande do Sul;2017/01/01;5080
Rio de Janeiro;2017/01/01;5291
Rondônia;2017/01/01;634
Roraima;2017/01/01;157
Santa Catarina;2017/01/01;2997
Sergipe;2017/01/01;1007
São Paulo;2017/01/01;23906
Tocantins;2017/01/01;396
Acre;2017/02/01;331
Alagoas;2017/02/01;790
Amapá;2017/02/01;170
Amazonas;2017/02/01;195
Bahia;2017/02/01;3477
Ceará;2017/02/01;2704
Distrito Federal;2017/02/01;1049
Espírito Santo;2017/02/01;1752
Goiás;2017/02/01;2129
Maranhão;2017/02/01;446
Mato Grosso;2017/02/01;1125
Mato Grosso do Sul;2017/02/01;1085
Minas Gerais;2017/02/01;8876
Paraná;2017/02/01;4790
Paraíba;2017/02/01;1552
Pará;2017/02/01;808
Pernambuco;2017/02/01;3993
Piauí;2017/02/01;410
Rio Grande do Norte;2017/02/01;690
Rio Grande do Sul;2017/02/01;4214
Rio de Janeiro;2017/02/01;3997
Rondônia;2017/02/01;362
Roraima;2017/02/01;108
Santa Catarina;2017/02/01;2469
Sergipe;2017/02/01;822
São Paulo;2017/02/01;20189
Tocantins;2017/02/01;347
Acre;2017/03/01;380
Alagoas;2017/03/01;1167
Amapá;2017/03/01;240
Amazonas;2017/03/01;511
Bahia;2017/03/01;5318
Ceará;2017/03/01;3732
Distrito Federal;2017/03/01;1237
Espírito Santo;2017/03/01;2079
Goiás;2017/03/01;2741
Maranhão;2017/03/01;586
Mato Grosso;2017/03/01;1481
Mato Grosso do Sul;2017/03/01;1342
Minas Gerais;2017/03/01;11513
Paraná;2017/03/01;6241
Paraíba;2017/03/01;2156
Pará;2017/03/01;1152
Pernambuco;2017/03/01;5078
Piauí;2017/03/01;507
Rio Grande do Norte;2017/03/01;1045
Rio Grande do Sul;2017/03/01;5327
Rio de Janeiro;2017/03/01;4317
Rondônia;2017/03/01;643
Roraima;2017/03/01;144
Santa Catarina;2017/03/01;3261
Sergipe;2017/03/01;1135
São Paulo;2017/03/01;26857
Tocantins;2017/03/01;482
Acre;2017/04/01;299
Alagoas;2017/04/01;943
Amapá;2017/04/01;149
Amazonas;2017/04/01;235
Bahia;2017/04/01;4539
Ceará;2017/04/01;3473
Distrito Federal;2017/04/01;1250
Espírito Santo;2017/04/01;1935
Goiás;2017/04/01;2690
Maranhão;2017/04/01;526
Mato Grosso;2017/04/01;1297
Mato Grosso do Sul;2017/04/01;1200
Minas Gerais;2017/04/01;10131
Paraná;2017/04/01;5538
Paraíba;2017/04/01;1781
Pará;2017/04/01;980
Pernambuco;2017/04/01;4726
Piauí;2017/04/01;483
Rio Grande do Norte;2017/04/01;1087
Rio Grande do Sul;2017/04/01;5448
Rio de Janeiro;2017/04/01;4921
Rondônia;2017/04/01;707
Roraima;2017/04/01;136
Santa Catarina;2017/04/01;2619
Sergipe;2017/04/01;930
São Paulo;2017/04/01;22033
Tocantins;2017/04/01;450
Acre;2017/05/01;368
Alagoas;2017/05/01;1130
Amapá;2017/05/01;242
Amazonas;2017/05/01;687
Bahia;2017/05/01;5313
Ceará;2017/05/01;3661
Distrito Federal;2017/05/01;1242
Espírito Santo;2017/05/01;2128
Goiás;2017/05/01;2916
Maranhão;2017/05/01;650
Mato Grosso;2017/05/01;1452
Mato Grosso do Sul;2017/05/01;1345
Minas Gerais;2017/05/01;12364
Paraná;2017/05/01;6830
Paraíba;2017/05/01;2016
Pará;2017/05/01;1003
Pernambuco;2017/05/01;5384
Piauí;2017/05/01;651
Rio Grande do Norte;2017/05/01;1019
Rio Grande do Sul;2017/05/01;6827
Rio de Janeiro;2017/05/01;5545
Rondônia;2017/05/01;748
Roraima;2017/05/01;173
Santa Catarina;2017/05/01;3337
Sergipe;2017/05/01;1164
São Paulo;2017/05/01;27236
Tocantins;2017/05/01;447
Acre;2017/06/01;287
Alagoas;2017/06/01;1221
Amapá;2017/06/01;218
Amazonas;2017/06/01;412
Bahia;2017/06/01;4986
Ceará;2017/06/01;3292
Distrito Federal;2017/06/01;1221
Espírito Santo;2017/06/01;2132
Goiás;2017/06/01;2539
Maranhão;2017/06/01;549
Mato Grosso;2017/06/01;1370
Mato Grosso do Sul;2017/06/01;1390
Minas Gerais;2017/06/01;12208
Paraná;2017/06/01;6758
Paraíba;2017/06/01;1888
Pará;2017/06/01;986
Pernambuco;2017/06/01;5152
Piauí;2017/06/01;604
Rio Grande do Norte;2017/06/01;871
Rio Grande do Sul;2017/06/01;7388
Rio de Janeiro;2017/06/01;5277
Rondônia;2017/06/01;687
Roraima;2017/06/01;178
Santa Catarina;2017/06/01;3417
Sergipe;2017/06/01;1016
São Paulo;2017/06/01;26317
Tocantins;2017/06/01;380
Acre;2017/07/01;331
Alagoas;2017/07/01;1166
Amapá;2017/07/01;208
Amazonas;2017/07/01;302
Bahia;2017/07/01;5487
Ceará;2017/07/01;3211
Distrito Federal;2017/07/01;1264
Espírito Santo;2017/07/01;2224
Goiás;2017/07/01;2863
Maranhão;2017/07/01;547
Mato Grosso;2017/07/01;1502
Mato Grosso do Sul;2017/07/01;1356
Minas Gerais;2017/07/01;12921
Paraná;2017/07/01;7202
Paraíba;2017/07/01;2172
Pará;2017/07/01;987
Pernambuco;2017/07/01;5621
Piauí;2017/07/01;579
Rio Grande do Norte;2017/07/01;853
Rio Grande do Sul;2017/07/01;6361
Rio de Janeiro;2017/07/01;5475
Rondônia;2017/07/01;467
Roraima;2017/07/01;193
Santa Catarina;2017/07/01;3375
Sergipe;2017/07/01;1137
São Paulo;2017/07/01;27542
Tocantins;2017/07/01;393
Acre;2017/08/01;355
Alagoas;2017/08/01;1234
Amapá;2017/08/01;252
Amazonas;2017/08/01;323
Bahia;2017/08/01;5594
Ceará;2017/08/01;3266
Distrito Federal;2017/08/01;1303
Espírito Santo;2017/08/01;2317
Goiás;2017/08/01;2757
Maranhão;2017/08/01;641
Mato Grosso;2017/08/01;1413
Mato Grosso do Sul;2017/08/01;1399
Minas Gerais;2017/08/01;13026
Paraná;2017/08/01;6895
Paraíba;2017/08/01;2103
Pará;2017/08/01;1007
Pernambuco;2017/08/01;5351
Piauí;2017/08/01;524
Rio Grande do Norte;2017/08/01;905
Rio Grande do Sul;2017/08/01;5785
Rio de Janeiro;2017/08/01;6085
Rondônia;2017/08/01;695
Roraima;2017/08/01;173
Santa Catarina;2017/08/01;3363
Sergipe;2017/08/01;1240
São Paulo;2017/08/01;27759
Tocantins;2017/08/01;447
Acre;2017/09/01;284
Alagoas;2017/09/01;1017
Amapá;2017/09/01;212
Amazonas;2017/09/01;572
Bahia;2017/09/01;5147
Ceará;2017/09/01;3027
Distrito Federal;2017/09/01;1162
Espírito Santo;2017/09/01;2046
Goiás;2017/09/01;2544
Maranhão;2017/09/01;561
Mato Grosso;2017/09/01;1416
Mato Grosso do Sul;2017/09/01;1261
Minas Gerais;2017/09/01;11391
Paraná;2017/09/01;5971
Paraíba;2017/09/01;1853
Pará;2017/09/01;905
Pernambuco;2017/09/01;4806
Piauí;2017/09/01;523
Rio Grande do Norte;2017/09/01;1001
Rio Grande do Sul;2017/09/01;5049
Rio de Janeiro;2017/09/01;6053
Rondônia;2017/09/01;705
Roraima;2017/09/01;146
Santa Catarina;2017/09/01;2964
Sergipe;2017/09/01;1177
São Paulo;2017/09/01;25090
Tocantins;2017/09/01;448
Acre;2017/10/01;278
Alagoas;2017/10/01;1097
Amapá;2017/10/01;265
Amazonas;2017/10/01;642
Bahia;2017/10/01;5365
Ceará;2017/10/01;3260
Distrito Federal;2017/10/01;1300
Espírito Santo;2017/10/01;2145
Goiás;2017/10/01;2982
Maranhão;2017/10/01;632
Mato Grosso;2017/10/01;1493
Mato Grosso do Sul;2017/10/01;1239
Minas Gerais;2017/10/01;11942
Paraná;2017/10/01;6101
Paraíba;2017/10/01;2025
Pará;2017/10/01;809
Pernambuco;2017/10/01;5027
Piauí;2017/10/01;607
Rio Grande do Norte;2017/10/01;1283
Rio Grande do Sul;2017/10/01;5394
Rio de Janeiro;2017/10/01;6152
Rondônia;2017/10/01;690
Roraima;2017/10/01;147
Santa Catarina;2017/10/01;3076
Sergipe;2017/10/01;1138
São Paulo;2017/10/01;25670
Tocantins;2017/10/01;499
Acre;2017/11/01;327
Alagoas;2017/11/01;1097
Amapá;2017/11/01;227
Amazonas;2017/11/01;642
Bahia;2017/11/01;5075
Ceará;2017/11/01;3194
Distrito Federal;2017/11/01;1086
Espírito Santo;2017/11/01;1956
Goiás;2017/11/01;2479
Maranhão;2017/11/01;758
Mato Grosso;2017/11/01;1295
Mato Grosso do Sul;2017/11/01;1117
Minas Gerais;2017/11/01;10671
Paraná;2017/11/01;5875
Paraíba;2017/11/01;1953
Pará;2017/11/01;1027
Pernambuco;2017/11/01;4748
Piauí;2017/11/01;621
Rio Grande do Norte;2017/11/01;1037
Rio Grande do Sul;2017/11/01;6318
Rio de Janeiro;2017/11/01;6383
Rondônia;2017/11/01;684
Roraima;2017/11/01;98
Santa Catarina;2017/11/01;2942
Sergipe;2017/11/01;1055
São Paulo;2017/11/01;24109
Tocantins;2017/11/01;388
Acre;2017/12/01;356
Alagoas;2017/12/01;1017
Amapá;2017/12/01;169
Amazonas;2017/12/01;712
Bahia;2017/12/01;4851
Ceará;2017/12/01;3065
Distrito Federal;2017/12/01;1195
Espírito Santo;2017/12/01;1888
Goiás;2017/12/01;2491
Maranhão;2017/12/01;704
Mato Grosso;2017/12/01;1345
Mato Grosso do Sul;2017/12/01;1193
Minas Gerais;2017/12/01;10768
Paraná;2017/12/01;5670
Paraíba;2017/12/01;1891
Pará;2017/12/01;1005
Pernambuco;2017/12/01;4710
Piauí;2017/12/01;544
Rio Grande do Norte;2017/12/01;1185
Rio Grande do Sul;2017/12/01;6432
Rio de Janeiro;2017/12/01;11601
Rondônia;2017/12/01;428
Roraima;2017/12/01;84
Santa Catarina;2017/12/01;3023
Sergipe;2017/12/01;1026
São Paulo;2017/12/01;23309
Tocantins;2017/12/01;424
Acre;2018/01/01;337
Alagoas;2018/01/01;1099
Amapá;2018/01/01;257
Amazonas;2018/01/01;683
Bahia;2018/01/01;5863
Ceará;2018/01/01;3439
Distrito Federal;2018/01/01;1144
Espírito Santo;2018/01/01;2033
Goiás;2018/01/01;2914
Maranhão;2018/01/01;1115
Mato Grosso;2018/01/01;1512
Mato Grosso do Sul;2018/01/01;1229
Minas Gerais;2018/01/01;11844
Paraná;2018/01/01;6111
Paraíba;2018/01/01;2157
Pará;2018/01/01;1271
Pernambuco;2018/01/01;5173
Piauí;2018/01/01;945
Rio Grande do Norte;2018/01/01;1327
Rio Grande do Sul;2018/01/01;6528
Rio de Janeiro;2018/01/01;12166
Rondônia;2018/01/01;737
Roraima;2018/01/01;171
Santa Catarina;2018/01/01;3288
Sergipe;2018/01/01;1084
São Paulo;2018/01/01;25128
Tocantins;2018/01/01;542
Acre;2018/02/01;255
Alagoas;2018/02/01;995
Amapá;2018/02/01;177
Amazonas;2018/02/01;787
Bahia;2018/02/01;4880
Ceará;2018/02/01;2983
Distrito Federal;2018/02/01;1110
Espírito Santo;2018/02/01;1698
Goiás;2018/02/01;2471
Maranhão;2018/02/01;924
Mato Grosso;2018/02/01;1324
Mato Grosso do Sul;2018/02/01;1079
Minas Gerais;2018/02/01;9886
Paraná;2018/02/01;5309
Paraíba;2018/02/01;1892
Pará;2018/02/01;909
Pernambuco;2018/02/01;4514
Piauí;2018/02/01;953
Rio Grande do Norte;2018/02/01;1057
Rio Grande do Sul;2018/02/01;5552
Rio de Janeiro;2018/02/01;10510
Rondônia;2018/02/01;566
Roraima;2018/02/01;147
Santa Catarina;2018/02/01;2847
Sergipe;2018/02/01;821
São Paulo;2018/02/01;21605
Tocantins;2018/02/01;433
Acre;2018/03/01;408
Alagoas;2018/03/01;1247
Amapá;2018/03/01;198
Amazonas;2018/03/01;741
Bahia;2018/03/01;5599
Ceará;2018/03/01;3483
Distrito Federal;2018/03/01;1337
Espírito Santo;2018/03/01;1951
Goiás;2018/03/01;2789
Maranhão;2018/03/01;1144
Mato Grosso;2018/03/01;1500
Mato Grosso do Sul;2018/03/01;1312
Minas Gerais;2018/03/01;10625
Paraná;2018/03/01;6054
Paraíba;2018/03/01;2009
Pará;2018/03/01;1023
Pernambuco;2018/03/01;4674
Piauí;2018/03/01;842
Rio Grande do Norte;2018/03/01;1291
Rio Grande do Sul;2018/03/01;6280
Rio de Janeiro;2018/03/01;12247
Rondônia;2018/03/01;707
Roraima;2018/03/01;181
Santa Catarina;2018/03/01;2921
Sergipe;2018/03/01;1008
São Paulo;2018/03/01;23693
Tocantins;2018/03/01;498
Acre;2018/04/01;376
Alagoas;2018/04/01;1336
Amapá;2018/04/01;236
Amazonas;2018/04/01;744
Bahia;2018/04/01;6127
Ceará;2018/04/01;3812
Distrito Federal;2018/04/01;1195
Espírito Santo;2018/04/01;1954
Goiás;2018/04/01;3064
Maranhão;2018/04/01;1425
Mato Grosso;2018/04/01;1484
Mato Grosso do Sul;2018/04/01;1327
Minas Gerais;2018/04/01;10691
Paraná;2018/04/01;5953
Paraíba;2018/04/01;2216
Pará;2018/04/01;1368
Pernambuco;2018/04/01;5286
Piauí;2018/04/01;977
Rio Grande do Norte;2018/04/01;1233
Rio Grande do Sul;2018/04/01;6494
Rio de Janeiro;2018/04/01;11756
Rondônia;2018/04/01;661
Roraima;2018/04/01;175
Santa Catarina;2018/04/01;3306
Sergipe;2018/04/01;1121
São Paulo;2018/04/01;24046
Tocantins;2018/04/01;520
Acre;2018/05/01;314
Alagoas;2018/05/01;1434
Amapá;2018/05/01;233
Amazonas;2018/05/01;387
Bahia;2018/05/01;6326
Ceará;2018/05/01;3911
Distrito Federal;2018/05/01;1225
Espírito Santo;2018/05/01;2178
Goiás;2018/05/01;3022
Maranhão;2018/05/01;1468
Mato Grosso;2018/05/01;1534
Mato Grosso do Sul;2018/05/01;1388
Minas Gerais;2018/05/01;11632
Paraná;2018/05/01;6413
Paraíba;2018/05/01;2421
Pará;2018/05/01;1452
Pernambuco;2018/05/01;5581
Piauí;2018/05/01;1012
Rio Grande do Norte;2018/05/01;1360
Rio Grande do Sul;2018/05/01;6627
Rio de Janeiro;2018/05/01;12542
Rondônia;2018/05/01;494
Roraima;2018/05/01;222
Santa Catarina;2018/05/01;3323
Sergipe;2018/05/01;1133
São Paulo;2018/05/01;26394
Tocantins;2018/05/01;577
Acre;2018/06/01;341
Alagoas;2018/06/01;1346
Amapá;2018/06/01;275
Amazonas;2018/06/01;742
Bahia;2018/06/01;5808
Ceará;2018/06/01;3494
Distrito Federal;2018/06/01;1275
Espírito Santo;2018/06/01;2164
Goiás;2018/06/01;2722
Maranhão;2018/06/01;1246
Mato Grosso;2018/06/01;1429
Mato Grosso do Sul;2018/06/01;1448
Minas Gerais;2018/06/01;11878
Paraná;2018/06/01;7086
Paraíba;2018/06/01;2364
Pará;2018/06/01;1481
Pernambuco;2018/06/01;5055
Piauí;2018/06/01;895
Rio Grande do Norte;2018/06/01;1398
Rio Grande do Sul;2018/06/01;7081
Rio de Janeiro;2018/06/01;12389
Rondônia;2018/06/01;652
Roraima;2018/06/01;227
Santa Catarina;2018/06/01;3812
Sergipe;2018/06/01;1172
São Paulo;2018/06/01;28222
Tocantins;2018/06/01;499
Acre;2018/07/01;396
Alagoas;2018/07/01;1552
Amapá;2018/07/01;207
Amazonas;2018/07/01;827
Bahia;2018/07/01;6546
Ceará;2018/07/01;3441
Distrito Federal;2018/07/01;1215
Espírito Santo;2018/07/01;2227
Goiás;2018/07/01;2850
Maranhão;2018/07/01;1238
Mato Grosso;2018/07/01;1425
Mato Grosso do Sul;2018/07/01;1512
Minas Gerais;2018/07/01;12573
Paraná;2018/07/01;7549
Paraíba;2018/07/01;2362
Pará;2018/07/01;1587
Pernambuco;2018/07/01;5387
Piauí;2018/07/01;863
Rio Grande do Norte;2018/07/01;1206
Rio Grande do Sul;2018/07/01;8901
Rio de Janeiro;2018/07/01;12589
Rondônia;2018/07/01;720
Roraima;2018/07/01;206
Santa Catarina;2018/07/01;4032
Sergipe;2018/07/01;1116
São Paulo;2018/07/01;28557
Tocantins;2018/07/01;532
Acre;2018/08/01;308
Alagoas;2018/08/01;1488
Amapá;2018/08/01;210
Amazonas;2018/08/01;688
Bahia;2018/08/01;6075
Ceará;2018/08/01;3437
Distrito Federal;2018/08/01;1278
Espírito Santo;2018/08/01;1987
Goiás;2018/08/01;2809
Maranhão;2018/08/01;1305
Mato Grosso;2018/08/01;1249
Mato Grosso do Sul;2018/08/01;1461
Minas Gerais;2018/08/01;11533
Paraná;2018/08/01;6954
Paraíba;2018/08/01;2233
Pará;2018/08/01;1716
Pernambuco;2018/08/01;5016
Piauí;2018/08/01;888
Rio Grande do Norte;2018/08/01;1347
Rio Grande do Sul;2018/08/01;8731
Rio de Janeiro;2018/08/01;12666
Rondônia;2018/08/01;694
Roraima;2018/08/01;224
Santa Catarina;2018/08/01;3827
Sergipe;2018/08/01;1105
São Paulo;2018/08/01;27869
Tocantins;2018/08/01;483
Acre;2018/09/01;317
Alagoas;2018/09/01;1316
Amapá;2018/09/01;213
Amazonas;2018/09/01;401
Bahia;2018/09/01;6064
Ceará;2018/09/01;3213
Distrito Federal;2018/09/01;1108
Espírito Santo;2018/09/01;1926
Goiás;2018/09/01;2572
Maranhão;2018/09/01;1291
Mato Grosso;2018/09/01;1263
Mato Grosso do Sul;2018/09/01;1280
Minas Gerais;2018/09/01;10370
Paraná;2018/09/01;5679
Paraíba;2018/09/01;2029
Pará;2018/09/01;1560
Pernambuco;2018/09/01;4628
Piauí;2018/09/01;878
Rio Grande do Norte;2018/09/01;1247
Rio Grande do Sul;2018/09/01;6714
Rio de Janeiro;2018/09/01;11264
Rondônia;2018/09/01;723
Roraima;2018/09/01;247
Santa Catarina;2018/09/01;3460
Sergipe;2018/09/01;932
São Paulo;2018/09/01;23961
Tocantins;2018/09/01;467
Acre;2018/10/01;349
Alagoas;2018/10/01;1352
Amapá;2018/10/01;265
Amazonas;2018/10/01;537
Bahia;2018/10/01;6528
Ceará;2018/10/01;3561
Distrito Federal;2018/10/01;1199
Espírito Santo;2018/10/01;2024
Goiás;2018/10/01;2954
Maranhão;2018/10/01;1455
Mato Grosso;2018/10/01;1245
Mato Grosso do Sul;2018/10/01;1303
Minas Gerais;2018/10/01;11026
Paraná;2018/10/01;5975
Paraíba;2018/10/01;2313
Pará;2018/10/01;1458
Pernambuco;2018/10/01;5070
Piauí;2018/10/01;1118
Rio Grande do Norte;2018/10/01;1134
Rio Grande do Sul;2018/10/01;6996
Rio de Janeiro;2018/10/01;11595
Rondônia;2018/10/01;495
Roraima;2018/10/01;235
Santa Catarina;2018/10/01;3482
Sergipe;2018/10/01;1192
São Paulo;2018/10/01;25771
Tocantins;2018/10/01;543
Acre;2018/11/01;301
Alagoas;2018/11/01;1196
Amapá;2018/11/01;227
Amazonas;2018/11/01;662
Bahia;2018/11/01;5605
Ceará;2018/11/01;3362
Distrito Federal;2018/11/01;1163
Espírito Santo;2018/11/01;1898
Goiás;2018/11/01;2615
Maranhão;2018/11/01;1333
Mato Grosso;2018/11/01;1058
Mato Grosso do Sul;2018/11/01;1255
Minas Gerais;2018/11/01;9559
Paraná;2018/11/01;5753
Paraíba;2018/11/01;2005
Pará;2018/11/01;1753
Pernambuco;2018/11/01;4638
Piauí;2018/11/01;1024
Rio Grande do Norte;2018/11/01;1118
Rio Grande do Sul;2018/11/01;6538
Rio de Janeiro;2018/11/01;11095
Rondônia;2018/11/01;686
Roraima;2018/11/01;177
Santa Catarina;2018/11/01;3304
Sergipe;2018/11/01;1024
São Paulo;2018/11/01;24589
Tocantins;2018/11/01;467
Acre;2018/12/01;317
Alagoas;2018/12/01;1073
Amapá;2018/12/01;199
Amazonas;2018/12/01;942
Bahia;2018/12/01;5476
Ceará;2018/12/01;3102
Distrito Federal;2018/12/01;1215
Espírito Santo;2018/12/01;1932
Goiás;2018/12/01;2660
Maranhão;2018/12/01;1240
Mato Grosso;2018/12/01;1189
Mato Grosso do Sul;2018/12/01;1281
Minas Gerais;2018/12/01;9510
Paraná;2018/12/01;5672
Paraíba;2018/12/01;1859
Pará;2018/12/01;1709
Pernambuco;2018/12/01;4696
Piauí;2018/12/01;863
Rio Grande do Norte;2018/12/01;1213
Rio Grande do Sul;2018/12/01;6208
Rio de Janeiro;2018/12/01;11906
Rondônia;2018/12/01;701
Roraima;2018/12/01;152
Santa Catarina;2018/12/01;2990
Sergipe;2018/12/01;951
São Paulo;2018/12/01;23728
Tocantins;2018/12/01;461
Acre;2019/01/01;300
Alagoas;2019/01/01;1406
Amapá;2019/01/01;285
Amazonas;2019/01/01;1217
Bahia;2019/01/01;6938
Ceará;2019/01/01;3663
Distrito Federal;2019/01/01;1209
Espírito Santo;2019/01/01;2184
Goiás;2019/01/01;3000
Maranhão;2019/01/01;1953
Mato Grosso;2019/01/01;1142
Mato Grosso do Sul;2019/01/01;1389
Minas Gerais;2019/01/01;11540
Paraná;2019/01/01;6019
Paraíba;2019/01/01;2279
Pará;2019/01/01;2310
Pernambuco;2019/01/01;5144
Piauí;2019/01/01;1407
Rio Grande do Norte;2019/01/01;1526
Rio Grande do Sul;2019/01/01;7241
Rio de Janeiro;2019/01/01;12731
Rondônia;2019/01/01;757
Roraima;2019/01/01;186
Santa Catarina;2019/01/01;3620
Sergipe;2019/01/01;1074
São Paulo;2019/01/01;27865
Tocantins;2019/01/01;560
Acre;2019/02/01;300
Alagoas;2019/02/01;1238
Amapá;2019/02/01;220
Amazonas;2019/02/01;1180
Bahia;2019/02/01;6108
Ceará;2019/02/01;3157
Distrito Federal;2019/02/01;1069
Espírito Santo;2019/02/01;1790
Goiás;2019/02/01;2529
Maranhão;2019/02/01;1778
Mato Grosso;2019/02/01;1001
Mato Grosso do Sul;2019/02/01;1163
Minas Gerais;2019/02/01;9439
Paraná;2019/02/01;4960
Paraíba;2019/02/01;2010
Pará;2019/02/01;2108
Pernambuco;2019/02/01;4524
Piauí;2019/02/01;1113
Rio Grande do Norte;2019/02/01;1278
Rio Grande do Sul;2019/02/01;6255
Rio de Janeiro;2019/02/01;10964
Rondônia;2019/02/01;629
Roraima;2019/02/01;125
Santa Catarina;2019/02/01;3175
Sergipe;2019/02/01;968
São Paulo;2019/02/01;22893
Tocantins;2019/02/01;433
Acre;2019/03/01;330
Alagoas;2019/03/01;1353
Amapá;2019/03/01;252
Amazonas;2019/03/01;1256
Bahia;2019/03/01;6167
Ceará;2019/03/01;3539
Distrito Federal;2019/03/01;1190
Espírito Santo;2019/03/01;2024
Goiás;2019/03/01;2670
Maranhão;2019/03/01;1769
Mato Grosso;2019/03/01;1249
Mato Grosso do Sul;2019/03/01;1236
Minas Gerais;2019/03/01;10061
Paraná;2019/03/01;5471
Paraíba;2019/03/01;2154
Pará;2019/03/01;2262
Pernambuco;2019/03/01;4995
Piauí;2019/03/01;1216
Rio Grande do Norte;2019/03/01;1371
Rio Grande do Sul;2019/03/01;6515
Rio de Janeiro;2019/03/01;11463
Rondônia;2019/03/01;479
Roraima;2019/03/01;164
Santa Catarina;2019/03/01;3193
Sergipe;2019/03/01;1115
São Paulo;2019/03/01;23581
Tocantins;2019/03/01;427
Acre;2019/04/01;381
Alagoas;2019/04/01;1527
Amapá;2019/04/01;294
Amazonas;2019/04/01;1245
Bahia;2019/04/01;6305
Ceará;2019/04/01;4015
Distrito Federal;2019/04/01;1263
Espírito Santo;2019/04/01;2042
Goiás;2019/04/01;3019
Maranhão;2019/04/01;1922
Mato Grosso;2019/04/01;1299
Mato Grosso do Sul;2019/04/01;1345
Minas Gerais;2019/04/01;11073
Paraná;2019/04/01;5864
Paraíba;2019/04/01;2406
Pará;2019/04/01;2367
Pernambuco;2019/04/01;5294
Piauí;2019/04/01;1313
Rio Grande do Norte;2019/04/01;1577
Rio Grande do Sul;2019/04/01;6877
Rio de Janeiro;2019/04/01;12430
Rondônia;2019/04/01;780
Roraima;2019/04/01;194
Santa Catarina;2019/04/01;3347
Sergipe;2019/04/01;1120
São Paulo;2019/04/01;25476
Tocantins;2019/04/01;503
Acre;2019/05/01;363
Alagoas;2019/05/01;1684
Amapá;2019/05/01;250
Amazonas;2019/05/01;1249
Bahia;2019/05/01;6906
Ceará;2019/05/01;4037
Distrito Federal;2019/05/01;1300
Espírito Santo;2019/05/01;2187
Goiás;2019/05/01;2969
Maranhão;2019/05/01;2106
Mato Grosso;2019/05/01;1322
Mato Grosso do Sul;2019/05/01;1421
Minas Gerais;2019/05/01;11677
Paraná;2019/05/01;6264
Paraíba;2019/05/01;2497
Pará;2019/05/01;2614
Pernambuco;2019/05/01;5477
Piauí;2019/05/01;1492
Rio Grande do Norte;2019/05/01;1677
Rio Grande do Sul;2019/05/01;7348
Rio de Janeiro;2019/05/01;13594
Rondônia;2019/05/01;769
Roraima;2019/05/01;211
Santa Catarina;2019/05/01;3476
Sergipe;2019/05/01;1165
São Paulo;2019/05/01;27893
Tocantins;2019/05/01;548
Acre;2019/06/01;323
Alagoas;2019/06/01;1418
Amapá;2019/06/01;229
Amazonas;2019/06/01;1135
Bahia;2019/06/01;6164
Ceará;2019/06/01;3364
Distrito Federal;2019/06/01;1293
Espírito Santo;2019/06/01;2124
Goiás;2019/06/01;2846
Maranhão;2019/06/01;1806
Mato Grosso;2019/06/01;1241
Mato Grosso do Sul;2019/06/01;1457
Minas Gerais;2019/06/01;10802
Paraná;2019/06/01;6071
Paraíba;2019/06/01;2173
Pará;2019/06/01;1805
Pernambuco;2019/06/01;5063
Piauí;2019/06/01;1224
Rio Grande do Norte;2019/06/01;1311
Rio Grande do Sul;2019/06/01;7486
Rio de Janeiro;2019/06/01;12840
Rondônia;2019/06/01;679
Roraima;2019/06/01;187
Santa Catarina;2019/06/01;3399
Sergipe;2019/06/01;1039
São Paulo;2019/06/01;26810
Tocantins;2019/06/01;468
Acre;2019/07/01;318
Alagoas;2019/07/01;1658
Amapá;2019/07/01;276
Amazonas;2019/07/01;1304
Bahia;2019/07/01;7693
Ceará;2019/07/01;3693
Distrito Federal;2019/07/01;1326
Espírito Santo;2019/07/01;2354
Goiás;2019/07/01;3267
Maranhão;2019/07/01;2046
Mato Grosso;2019/07/01;1362
Mato Grosso do Sul;2019/07/01;1656
Minas Gerais;2019/07/01;12478
Paraná;2019/07/01;7008
Paraíba;2019/07/01;2595
Pará;2019/07/01;2345
Pernambuco;2019/07/01;5774
Piauí;2019/07/01;1486
Rio Grande do Norte;2019/07/01;1722
Rio Grande do Sul;2019/07/01;9521
Rio de Janeiro;2019/07/01;13348
Rondônia;2019/07/01;733
Roraima;2019/07/01;250
Santa Catarina;2019/07/01;4265
Sergipe;2019/07/01;1235
São Paulo;2019/07/01;31328
Tocantins;2019/07/01;557
Acre;2019/08/01;339
Alagoas;2019/08/01;1642
Amapá;2019/08/01;240
Amazonas;2019/08/01;1261
Bahia;2019/08/01;6928
Ceará;2019/08/01;3136
Distrito Federal;2019/08/01;1309
Espírito Santo;2019/08/01;2204
Goiás;2019/08/01;2819
Maranhão;2019/08/01;1874
Mato Grosso;2019/08/01;1292
Mato Grosso do Sul;2019/08/01;1528
Minas Gerais;2019/08/01;10990
Paraná;2019/08/01;6342
Paraíba;2019/08/01;2301
Pará;2019/08/01;2266
Pernambuco;2019/08/01;5283
Piauí;2019/08/01;1110
Rio Grande do Norte;2019/08/01;1471
Rio Grande do Sul;2019/08/01;8902
Rio de Janeiro;2019/08/01;12608
Rondônia;2019/08/01;477
Roraima;2019/08/01;221
Santa Catarina;2019/08/01;3798
Sergipe;2019/08/01;1107
São Paulo;2019/08/01;27541
Tocantins;2019/08/01;530
Acre;2019/09/01;341
Alagoas;2019/09/01;1499
Amapá;2019/09/01;226
Amazonas;2019/09/01;1184
Bahia;2019/09/01;6688
Ceará;2019/09/01;3332
Distrito Federal;2019/09/01;1309
Espírito Santo;2019/09/01;2123
Goiás;2019/09/01;3017
Maranhão;2019/09/01;2005
Mato Grosso;2019/09/01;1463
Mato Grosso do Sul;2019/09/01;1498
Minas Gerais;2019/09/01;10770
Paraná;2019/09/01;6272
Paraíba;2019/09/01;2223
Pará;2019/09/01;2258
Pernambuco;2019/09/01;5201
Piauí;2019/09/01;1181
Rio Grande do Norte;2019/09/01;1446
Rio Grande do Sul;2019/09/01;8045
Rio de Janeiro;2019/09/01;12108
Rondônia;2019/09/01;722
Roraima;2019/09/01;230
Santa Catarina;2019/09/01;3755
Sergipe;2019/09/01;1011
São Paulo;2019/09/01;25909
Tocantins;2019/09/01;475
Acre;2019/10/01;314
Alagoas;2019/10/01;1512
Amapá;2019/10/01;248
Amazonas;2019/10/01;1221
Bahia;2019/10/01;6886
Ceará;2019/10/01;3480
Distrito Federal;2019/10/01;1306
Espírito Santo;2019/10/01;2036
Goiás;2019/10/01;3082
Maranhão;2019/10/01;2023
Mato Grosso;2019/10/01;1370
Mato Grosso do Sul;2019/10/01;1407
Minas Gerais;2019/10/01;10731
Paraná;2019/10/01;6001
Paraíba;2019/10/01;2229
Pará;2019/10/01;2222
Pernambuco;2019/10/01;5232
Piauí;2019/10/01;1278
Rio Grande do Norte;2019/10/01;1470
Rio Grande do Sul;2019/10/01;7871
Rio de Janeiro;2019/10/01;12042
Rondônia;2019/10/01;650
Roraima;2019/10/01;193
Santa Catarina;2019/10/01;3747
Sergipe;2019/10/01;1105
São Paulo;2019/10/01;26449
Tocantins;2019/10/01;525
Acre;2019/11/01;336
Alagoas;2019/11/01;1455
Amapá;2019/11/01;258
Amazonas;2019/11/01;1101
Bahia;2019/11/01;6105
Ceará;2019/11/01;3371
Distrito Federal;2019/11/01;1173
Espírito Santo;2019/11/01;1939
Goiás;2019/11/01;2771
Maranhão;2019/11/01;1639
Mato Grosso;2019/11/01;1192
Mato Grosso do Sul;2019/11/01;1285
Minas Gerais;2019/11/01;9628
Paraná;2019/11/01;5654
Paraíba;2019/11/01;2118
Pará;2019/11/01;2098
Pernambuco;2019/11/01;4949
Piauí;2019/11/01;1216
Rio Grande do Norte;2019/11/01;1317
Rio Grande do Sul;2019/11/01;6989
Rio de Janeiro;2019/11/01;11391
Rondônia;2019/11/01;648
Roraima;2019/11/01;200
Santa Catarina;2019/11/01;3292
Sergipe;2019/11/01;913
São Paulo;2019/11/01;23775
Tocantins;2019/11/01;487
Acre;2019/12/01;367
Alagoas;2019/12/01;1479
Amapá;2019/12/01;196
Amazonas;2019/12/01;1190
Bahia;2019/12/01;5961
Ceará;2019/12/01;3474
Distrito Federal;2019/12/01;1227
Espírito Santo;2019/12/01;2124
Goiás;2019/12/01;2794
Maranhão;2019/12/01;1777
Mato Grosso;2019/12/01;1258
Mato Grosso do Sul;2019/12/01;1278
Minas Gerais;2019/12/01;10053
Paraná;2019/12/01;5789
Paraíba;2019/12/01;2176
Pará;2019/12/01;2332
Pernambuco;2019/12/01;5274
Piauí;2019/12/01;1095
Rio Grande do Norte;2019/12/01;1423
Rio Grande do Sul;2019/12/01;7058
Rio de Janeiro;2019/12/01;12279
Rondônia;2019/12/01;687
Roraima;2019/12/01;187
Santa Catarina;2019/12/01;3165
Sergipe;2019/12/01;1036
São Paulo;2019/12/01;22894
Tocantins;2019/12/01;546
Acre;2020/01/01;377
Alagoas;2020/01/01;1611
Amapá;2020/01/01;283
Amazonas;2020/01/01;1360
Bahia;2020/01/01;7416
Ceará;2020/01/01;3718
Distrito Federal;2020/01/01;1251
Espírito Santo;2020/01/01;2182
Goiás;2020/01/01;3146
Maranhão;2020/01/01;1978
Mato Grosso;2020/01/01;1329
Mato Grosso do Sul;2020/01/01;1351
Minas Gerais;2020/01/01;11536
Paraná;2020/01/01;5928
Paraíba;2020/01/01;2351
Pará;2020/01/01;2443
Pernambuco;2020/01/01;5418
Piauí;2020/01/01;1173
Rio Grande do Norte;2020/01/01;1520
Rio Grande do Sul;2020/01/01;7483
Rio de Janeiro;2020/01/01;12372
Rondônia;2020/01/01;464
Roraima;2020/01/01;224
Santa Catarina;2020/01/01;3798
Sergipe;2020/01/01;1087
São Paulo;2020/01/01;28548
Tocantins;2020/01/01;571
Acre;2020/02/01;334
Alagoas;2020/02/01;1422
Amapá;2020/02/01;219
Amazonas;2020/02/01;1194
Bahia;2020/02/01;5786
Ceará;2020/02/01;3386
Distrito Federal;2020/02/01;1112
Espírito Santo;2020/02/01;1859
Goiás;2020/02/01;2676
Maranhão;2020/02/01;1796
Mato Grosso;2020/02/01;1178
Mato Grosso do Sul;2020/02/01;1261
Minas Gerais;2020/02/01;9630
Paraná;2020/02/01;5312
Paraíba;2020/02/01;2000
Pará;2020/02/01;2099
Pernambuco;2020/02/01;4648
Piauí;2020/02/01;1029
Rio Grande do Norte;2020/02/01;1344
Rio Grande do Sul;2020/02/01;6356
Rio de Janeiro;2020/02/01;11252
Rondônia;2020/02/01;610
Roraima;2020/02/01;171
Santa Catarina;2020/02/01;3027
Sergipe;2020/02/01;930
São Paulo;2020/02/01;22045
Tocantins;2020/02/01;465
Acre;2020/03/01;339
Alagoas;2020/03/01;1565
Amapá;2020/03/01;204
Amazonas;2020/03/01;1260
Bahia;2020/03/01;6457
Ceará;2020/03/01;3796
Distrito Federal;2020/03/01;1302
Espírito Santo;2020/03/01;2130
Goiás;2020/03/01;2972
Maranhão;2020/03/01;2093
Mato Grosso;2020/03/01;1399
Mato Grosso do Sul;2020/03/01;1485
Minas Gerais;2020/03/01;11138
Paraná;2020/03/01;6039
Paraíba;2020/03/01;2279
Pará;2020/03/01;2567
Pernambuco;2020/03/01;5578
Piauí;2020/03/01;951
Rio Grande do Norte;2020/03/01;1489
Rio Grande do Sul;2020/03/01;6676
Rio de Janeiro;2020/03/01;12661
Rondônia;2020/03/01;740
Roraima;2020/03/01;211
Santa Catarina;2020/03/01;3041
Sergipe;2020/03/01;1021
São Paulo;2020/03/01;26848
Tocantins;2020/03/01;527
Acre;2020/04/01;303
Alagoas;2020/04/01;1553
Amapá;2020/04/01;133
Amazonas;2020/04/01;2846
Bahia;2020/04/01;6222
Ceará;2020/04/01;4601
Distrito Federal;2020/04/01;1171
Espírito Santo;2020/04/01;2105
Goiás;2020/04/01;2883
Maranhão;2020/04/01;2463
Mato Grosso;2020/04/01;1237
Mato Grosso do Sul;2020/04/01;1310
Minas Gerais;2020/04/01;10563
Paraná;2020/04/01;5898
Paraíba;2020/04/01;2185
Pará;2020/04/01;2973
Pernambuco;2020/04/01;6254
Piauí;2020/04/01;1323
Rio Grande do Norte;2020/04/01;1507
Rio Grande do Sul;2020/04/01;6720
Rio de Janeiro;2020/04/01;16031
Rondônia;2020/04/01;682
Roraima;2020/04/01;200
Santa Catarina;2020/04/01;3602
Sergipe;2020/04/01;1045
São Paulo;2020/04/01;28045
Tocantins;2020/04/01;478
Acre;2020/05/01;403
Alagoas;2020/05/01;2243
Amapá;2020/05/01;264
Amazonas;2020/05/01;2678
Bahia;2020/05/01;7552
Ceará;2020/05/01;7704
Distrito Federal;2020/05/01;1269
Espírito Santo;2020/05/01;2520
Goiás;2020/05/01;3047
Maranhão;2020/05/01;3018
Mato Grosso;2020/05/01;1222
Mato Grosso do Sul;2020/05/01;1334
Minas Gerais;2020/05/01;10868
Paraná;2020/05/01;5701
Paraíba;2020/05/01;2758
Pará;2020/05/01;4739
Pernambuco;2020/05/01;8602
Piauí;2020/05/01;1037
Rio Grande do Norte;2020/05/01;1447
Rio Grande do Sul;2020/05/01;6988
Rio de Janeiro;2020/05/01;20828
Rondônia;2020/05/01;848
Roraima;2020/05/01;315
Santa Catarina;2020/05/01;3201
Sergipe;2020/05/01;962
São Paulo;2020/05/01;29814
Tocantins;2020/05/01;492
Acre;2020/06/01;629
Alagoas;2020/06/01;2505
Amapá;2020/06/01;425
Amazonas;2020/06/01;1676
Bahia;2020/06/01;8886
Ceará;2020/06/01;6070
Distrito Federal;2020/06/01;1678
Espírito Santo;2020/06/01;3054
Goiás;2020/06/01;3346
Maranhão;2020/06/01;3319
Mato Grosso;2020/06/01;1870
Mato Grosso do Sul;2020/06/01;1427
Minas Gerais;2020/06/01;12725
Paraná;2020/06/01;6607
Paraíba;2020/06/01;3005
Pará;2020/06/01;3770
Pernambuco;2020/06/01;6875
Piauí;2020/06/01;1385
Rio Grande do Norte;2020/06/01;2078
Rio Grande do Sul;2020/06/01;7708
Rio de Janeiro;2020/06/01;14384
Rondônia;2020/06/01;585
Roraima;2020/06/01;450
Santa Catarina;2020/06/01;3654
Sergipe;2020/06/01;1456
São Paulo;2020/06/01;34843
Tocantins;2020/06/01;565
Acre;2020/07/01;477
Alagoas;2020/07/01;2027
Amapá;2020/07/01;414
Amazonas;2020/07/01;1389
Bahia;2020/07/01;9455
Ceará;2020/07/01;4883
Distrito Federal;2020/07/01;2141
Espírito Santo;2020/07/01;3001
Goiás;2020/07/01;4488
Maranhão;2020/07/01;3100
Mato Grosso;2020/07/01;2281
Mato Grosso do Sul;2020/07/01;1722
Minas Gerais;2020/07/01;14095
Paraná;2020/07/01;7330
Paraíba;2020/07/01;2976
Pará;2020/07/01;3352
Pernambuco;2020/07/01;6520
Piauí;2020/07/01;1473
Rio Grande do Norte;2020/07/01;2186
Rio Grande do Sul;2020/07/01;9311
Rio de Janeiro;2020/07/01;13304
Rondônia;2020/07/01;1038
Roraima;2020/07/01;355
Santa Catarina;2020/07/01;4481
Sergipe;2020/07/01;1751
São Paulo;2020/07/01;35061
Tocantins;2020/07/01;686
Acre;2020/08/01;420
Alagoas;2020/08/01;1648
Amapá;2020/08/01;301
Amazonas;2020/08/01;1313
Bahia;2020/08/01;8789
Ceará;2020/08/01;4336
Distrito Federal;2020/08/01;2235
Espírito Santo;2020/08/01;2543
Goiás;2020/08/01;4670
Maranhão;2020/08/01;2448
Mato Grosso;2020/08/01;2182
Mato Grosso do Sul;2020/08/01;1915
Minas Gerais;2020/08/01;14100
Paraná;2020/08/01;7428
Paraíba;2020/08/01;2639
Pará;2020/08/01;2688
Pernambuco;2020/08/01;5818
Piauí;2020/08/01;1417
Rio Grande do Norte;2020/08/01;1653
Rio Grande do Sul;2020/08/01;9035
Rio de Janeiro;2020/08/01;13503
Rondônia;2020/08/01;992
Roraima;2020/08/01;192
Santa Catarina;2020/08/01;4745
Sergipe;2020/08/01;1471
São Paulo;2020/08/01;32000
Tocantins;2020/08/01;771
Acre;2020/09/01;381
Alagoas;2020/09/01;1547
Amapá;2020/09/01;251
Amazonas;2020/09/01;1357
Bahia;2020/09/01;7807
Ceará;2020/09/01;4199
Distrito Federal;2020/09/01;1741
Espírito Santo;2020/09/01;2394
Goiás;2020/09/01;4500
Maranhão;2020/09/01;2352
Mato Grosso;2020/09/01;1969
Mato Grosso do Sul;2020/09/01;1874
Minas Gerais;2020/09/01;13357
Paraná;2020/09/01;7104
Paraíba;2020/09/01;2424
Pará;2020/09/01;2757
Pernambuco;2020/09/01;5580
Piauí;2020/09/01;1491
Rio Grande do Norte;2020/09/01;1568
Rio Grande do Sul;2020/09/01;8407
Rio de Janeiro;2020/09/01;13500
Rondônia;2020/09/01;945
Roraima;2020/09/01;194
Santa Catarina;2020/09/01;4027
Sergipe;2020/09/01;1168
São Paulo;2020/09/01;31440
Tocantins;2020/09/01;751
Acre;2020/10/01;334
Alagoas;2020/10/01;1536
Amapá;2020/10/01;256
Amazonas;2020/10/01;1463
Bahia;2020/10/01;7759
Ceará;2020/10/01;4205
Distrito Federal;2020/10/01;1542
Espírito Santo;2020/10/01;2213
Goiás;2020/10/01;4352
Maranhão;2020/10/01;2148
Mato Grosso;2020/10/01;2039
Mato Grosso do Sul;2020/10/01;1894
Minas Gerais;2020/10/01;13687
Paraná;2020/10/01;6740
Paraíba;2020/10/01;2317
Pará;2020/10/01;2266
Pernambuco;2020/10/01;5525
Piauí;2020/10/01;1385
Rio Grande do Norte;2020/10/01;1484
Rio Grande do Sul;2020/10/01;8008
Rio de Janeiro;2020/10/01;13003
Rondônia;2020/10/01;827
Roraima;2020/10/01;192
Santa Catarina;2020/10/01;3773
Sergipe;2020/10/01;1121
São Paulo;2020/10/01;30504
Tocantins;2020/10/01;667
Acre;2020/11/01;366
Alagoas;2020/11/01;1407
Amapá;2020/11/01;208
Amazonas;2020/11/01;1122
Bahia;2020/11/01;7305
Ceará;2020/11/01;3980
Distrito Federal;2020/11/01;1449
Espírito Santo;2020/11/01;2436
Goiás;2020/11/01;3205
Maranhão;2020/11/01;2121
Mato Grosso;2020/11/01;1480
Mato Grosso do Sul;2020/11/01;1418
Minas Gerais;2020/11/01;12212
Paraná;2020/11/01;6608
Paraíba;2020/11/01;2309
Pará;2020/11/01;2180
Pernambuco;2020/11/01;5663
Piauí;2020/11/01;1361
Rio Grande do Norte;2020/11/01;1398
Rio Grande do Sul;2020/11/01;7995
Rio de Janeiro;2020/11/01;14107
Rondônia;2020/11/01;519
Roraima;2020/11/01;232
Santa Catarina;2020/11/01;3843
Sergipe;2020/11/01;1075
São Paulo;2020/11/01;26489
Tocantins;2020/11/01;562
Acre;2020/12/01;385
Alagoas;2020/12/01;1510
Amapá;2020/12/01;315
Amazonas;2020/12/01;1526
Bahia;2020/12/01;7790
Ceará;2020/12/01;4303
Distrito Federal;2020/12/01;1462
Espírito Santo;2020/12/01;2812
Goiás;2020/12/01;3242
Maranhão;2020/12/01;2219
Mato Grosso;2020/12/01;1451
Mato Grosso do Sul;2020/12/01;1905
Minas Gerais;2020/12/01;13452
Paraná;2020/12/01;7667
Paraíba;2020/12/01;2413
Pará;2020/12/01;1970
Pernambuco;2020/12/01;6101
Piauí;2020/12/01;1205
Rio Grande do Norte;2020/12/01;1665
Rio Grande do Sul;2020/12/01;8955
Rio de Janeiro;2020/12/01;17697
Rondônia;2020/12/01;971
Roraima;2020/12/01;234
Santa Catarina;2020/12/01;4935
Sergipe;2020/12/01;1149
São Paulo;2020/12/01;30171
Tocantins;2020/12/01;498
Acre;2021/01/01;416
Alagoas;2021/01/01;1497
Amapá;2021/01/01;342
Amazonas;2021/01/01;3853
Bahia;2021/01/01;8106
Ceará;2021/01/01;4119
Distrito Federal;2021/01/01;1441
Espírito Santo;2021/01/01;2827
Goiás;2021/01/01;3465
Maranhão;2021/01/01;2144
Mato Grosso;2021/01/01;1889
Mato Grosso do Sul;2021/01/01;1874
Minas Gerais;2021/01/01;14858
Paraná;2021/01/01;7506
Paraíba;2021/01/01;2539
Pará;2021/01/01;2114
Pernambuco;2021/01/01;5909
Piauí;2021/01/01;1185
Rio Grande do Norte;2021/01/01;1600
Rio Grande do Sul;2021/01/01;8943
Rio de Janeiro;2021/01/01;15656
Rondônia;2021/01/01;1128
Roraima;2021/01/01;244
Santa Catarina;2021/01/01;4512
Sergipe;2021/01/01;1052
São Paulo;2021/01/01;32515
Tocantins;2021/01/01;578
